id,image,name,username
1,./assets/user-images/image-zena.jpg,Zena Kelley,velvetround
2,./assets/user-images/image-suzanne.jpg,Suzanne Chang,upbeat1811
3,./assets/user-images/image-thomas.jpg,Thomas Hood,brawnybrave
4,./assets/user-images/image-elijah.jpg,Elijah Moss,hexagon.bestagon
5,./assets/user-images/image-james.jpg,James Skinner,hummingbird1
6,./assets/user-images/image-anne.jpg,Anne Valentine,annev1990
7,./assets/user-images/image-ryan.jpg,Ryan Welles,voyager.344
8,./assets/user-images/image-george.jpg,George Partridge,soccerviewer8
9,./assets/user-images/image-javier.jpg,Javier Pollard,warlikeduke
10,./assets/user-images/image-roxanne.jpg,Roxanne Travis,peppersprime32
11,./assets/user-images/image-victoria.jpg,Victoria Mejia,arlen_the_marlin
12,./assets/user-images/image-jackson.jpg,Jackson Barker,countryspirit
